,Server,Command,Workload,Trial,Throughput
0,redis-server-dumb,load,workloada,0,1264.2225031605562
1,redis-server-dumb,run,workloada,0,3076.923076923077
2,redis-server-dumb,load,workloada,1,1165.5011655011656
3,redis-server-dumb,run,workloada,1,2415.458937198068
4,redis-server-dumb,load,workloada,2,1166.8611435239206
5,redis-server-dumb,run,workloada,2,3105.590062111801
6,redis-server-dumb,load,workloada,3,1351.3513513513512
7,redis-server-dumb,run,workloada,3,2557.544757033248
8,redis-server-dumb,load,workloada,4,1142.857142857143
9,redis-server-dumb,run,workloada,4,2717.391304347826
10,redis-server-dumb,load,workloada,5,1135.0737797956867
11,redis-server-dumb,run,workloada,5,2392.3444976076553
12,redis-server-dumb,load,workloada,6,1128.6681715575621
13,redis-server-dumb,run,workloada,6,2666.6666666666665
14,redis-server-dumb,load,workloada,7,1119.8208286674133
15,redis-server-dumb,run,workloada,7,2500.0
16,redis-server-dumb,load,workloada,8,1100.1100110011
17,redis-server-dumb,run,workloada,8,2493.7655860349128
18,redis-server-dumb,load,workloada,9,1432.6647564469913
19,redis-server-dumb,run,workloada,9,2994.011976047904
20,redis-server-dumb,load,workloada,10,1538.4615384615386
21,redis-server-dumb,run,workloada,10,2336.448598130841
22,redis-server-dumb,load,workloada,11,1153.4025374855826
23,redis-server-dumb,run,workloada,11,3278.688524590164
24,redis-server-dumb,load,workloada,12,1146.788990825688
25,redis-server-dumb,run,workloada,12,3194.888178913738
26,redis-server-dumb,load,workloada,13,1223.9902080783354
27,redis-server-dumb,run,workloada,13,2898.550724637681
28,redis-server-dumb,load,workloada,14,1096.4912280701753
29,redis-server-dumb,run,workloada,14,2347.417840375587
30,redis-server-dumb,load,workloada,15,1145.475372279496
31,redis-server-dumb,run,workloada,15,2358.490566037736
32,redis-server-dumb,load,workloada,16,1116.0714285714287
33,redis-server-dumb,run,workloada,16,2557.544757033248
34,redis-server-dumb,load,workloada,17,1137.6564277588168
35,redis-server-dumb,run,workloada,17,2375.296912114014
36,redis-server-dumb,load,workloada,18,1123.5955056179776
37,redis-server-dumb,run,workloada,18,2392.3444976076553
38,redis-server-dumb,load,workloada,19,1103.7527593818984
39,redis-server-dumb,run,workloada,19,2403.846153846154
40,redis-server-dumb,load,workloadb,0,1127.3957158962796
41,redis-server-dumb,run,workloadb,0,1795.3321364452424
42,redis-server-dumb,load,workloadb,1,1119.8208286674133
43,redis-server-dumb,run,workloadb,1,1886.7924528301887
44,redis-server-dumb,load,workloadb,2,1124.859392575928
45,redis-server-dumb,run,workloadb,2,1801.8018018018017
46,redis-server-dumb,load,workloadb,3,1096.4912280701753
47,redis-server-dumb,run,workloadb,3,1984.126984126984
48,redis-server-dumb,load,workloadb,4,1153.4025374855826
49,redis-server-dumb,run,workloadb,4,1788.9087656529516
50,redis-server-dumb,load,workloadb,5,1103.7527593818984
51,redis-server-dumb,run,workloadb,5,2403.846153846154
52,redis-server-dumb,load,workloadb,6,1127.3957158962796
53,redis-server-dumb,run,workloadb,6,1742.1602787456445
54,redis-server-dumb,load,workloadb,7,1108.6474501108648
55,redis-server-dumb,run,workloadb,7,1782.5311942959001
56,redis-server-dumb,load,workloadb,8,1140.2508551881415
57,redis-server-dumb,run,workloadb,8,1838.235294117647
58,redis-server-dumb,load,workloadb,9,1555.2099533437015
59,redis-server-dumb,run,workloadb,9,1724.1379310344828
60,redis-server-dumb,load,workloadb,10,1592.3566878980891
61,redis-server-dumb,run,workloadb,10,1808.3182640144666
62,redis-server-dumb,load,workloadb,11,1597.444089456869
63,redis-server-dumb,run,workloadb,11,2083.3333333333335
64,redis-server-dumb,load,workloadb,12,1196.1722488038276
65,redis-server-dumb,run,workloadb,12,1919.3857965451057
66,redis-server-dumb,load,workloadb,13,1569.8587127158555
67,redis-server-dumb,run,workloadb,13,1821.4936247723133
68,redis-server-dumb,load,workloadb,14,1140.2508551881415
69,redis-server-dumb,run,workloadb,14,1890.359168241966
70,redis-server-dumb,load,workloadb,15,1165.5011655011656
71,redis-server-dumb,run,workloadb,15,1739.1304347826087
72,redis-server-dumb,load,workloadb,16,1079.913606911447
73,redis-server-dumb,run,workloadb,16,1808.3182640144666
74,redis-server-dumb,load,workloadb,17,1119.8208286674133
75,redis-server-dumb,run,workloadb,17,1792.1146953405018
76,redis-server-dumb,load,workloadb,18,1116.0714285714287
77,redis-server-dumb,run,workloadb,18,2100.840336134454
78,redis-server-dumb,load,workloadb,19,1307.18954248366
79,redis-server-dumb,run,workloadb,19,1814.8820326678765
80,redis-server-dumb,load,workloadc,0,1157.4074074074074
81,redis-server-dumb,run,workloadc,0,1712.3287671232877
82,redis-server-dumb,load,workloadc,1,1177.8563015312131
83,redis-server-dumb,run,workloadc,1,2336.448598130841
84,redis-server-dumb,load,workloadc,2,1189.0606420927468
85,redis-server-dumb,run,workloadc,2,2136.7521367521367
86,redis-server-dumb,load,workloadc,3,1144.1647597254005
87,redis-server-dumb,run,workloadc,3,2369.6682464454975
88,redis-server-dumb,load,workloadc,4,1574.8031496062993
89,redis-server-dumb,run,workloadc,4,2114.164904862579
90,redis-server-dumb,load,workloadc,5,1152.073732718894
91,redis-server-dumb,run,workloadc,5,1733.102253032929
92,redis-server-dumb,load,workloadc,6,1127.3957158962796
93,redis-server-dumb,run,workloadc,6,1703.5775127768313
94,redis-server-dumb,load,workloadc,7,1169.5906432748538
95,redis-server-dumb,run,workloadc,7,1879.6992481203008
96,redis-server-dumb,load,workloadc,8,1218.026796589525
97,redis-server-dumb,run,workloadc,8,1683.5016835016836
98,redis-server-dumb,load,workloadc,9,1184.8341232227488
99,redis-server-dumb,run,workloadc,9,2028.3975659229209
100,redis-server-dumb,load,workloadc,10,1303.7809647979138
101,redis-server-dumb,run,workloadc,10,1712.3287671232877
102,redis-server-dumb,load,workloadc,11,1150.7479861910242
103,redis-server-dumb,run,workloadc,11,1782.5311942959001
104,redis-server-dumb,load,workloadc,12,1234.567901234568
105,redis-server-dumb,run,workloadc,12,2392.3444976076553
106,redis-server-dumb,load,workloadc,13,1146.788990825688
107,redis-server-dumb,run,workloadc,13,2036.6598778004072
108,redis-server-dumb,load,workloadc,14,1508.2956259426849
109,redis-server-dumb,run,workloadc,14,2386.634844868735
110,redis-server-dumb,load,workloadc,15,1587.3015873015872
111,redis-server-dumb,run,workloadc,15,1801.8018018018017
112,redis-server-dumb,load,workloadc,16,1567.398119122257
113,redis-server-dumb,run,workloadc,16,1733.102253032929
114,redis-server-dumb,load,workloadc,17,1172.3329425556858
115,redis-server-dumb,run,workloadc,17,1683.5016835016836
116,redis-server-dumb,load,workloadc,18,1102.5358324145534
117,redis-server-dumb,run,workloadc,18,2364.066193853428
118,redis-server-dumb,load,workloadc,19,1273.8853503184714
119,redis-server-dumb,run,workloadc,19,1996.007984031936
120,redis-server-dumb,load,workloadd,0,1131.2217194570135
121,redis-server-dumb,run,workloadd,0,1652.892561983471
122,redis-server-dumb,load,workloadd,1,1117.31843575419
123,redis-server-dumb,run,workloadd,1,1745.2006980802792
124,redis-server-dumb,load,workloadd,2,1109.8779134295228
125,redis-server-dumb,run,workloadd,2,1724.1379310344828
126,redis-server-dumb,load,workloadd,3,1142.857142857143
127,redis-server-dumb,run,workloadd,3,1661.1295681063123
128,redis-server-dumb,load,workloadd,4,1655.6291390728477
129,redis-server-dumb,run,workloadd,4,2207.5055187637968
130,redis-server-dumb,load,workloadd,5,1097.694840834248
131,redis-server-dumb,run,workloadd,5,1658.374792703151
132,redis-server-dumb,load,workloadd,6,1200.4801920768307
133,redis-server-dumb,run,workloadd,6,1669.449081803005
134,redis-server-dumb,load,workloadd,7,1494.7683109118086
135,redis-server-dumb,run,workloadd,7,1706.4846416382252
136,redis-server-dumb,load,workloadd,8,1412.4293785310736
137,redis-server-dumb,run,workloadd,8,1655.6291390728477
138,redis-server-dumb,load,workloadd,9,1142.857142857143
139,redis-server-dumb,run,workloadd,9,1821.4936247723133
140,redis-server-dumb,load,workloadd,10,1122.334455667789
141,redis-server-dumb,run,workloadd,10,1689.1891891891892
142,redis-server-dumb,load,workloadd,11,1150.7479861910242
143,redis-server-dumb,run,workloadd,11,1697.792869269949
144,redis-server-dumb,load,workloadd,12,1095.290251916758
145,redis-server-dumb,run,workloadd,12,1639.344262295082
146,redis-server-dumb,load,workloadd,13,1194.7431302270013
147,redis-server-dumb,run,workloadd,13,2272.7272727272725
148,redis-server-dumb,load,workloadd,14,1161.4401858304298
149,redis-server-dumb,run,workloadd,14,1636.6612111292961
150,redis-server-dumb,load,workloadd,15,1156.0693641618498
151,redis-server-dumb,run,workloadd,15,1655.6291390728477
152,redis-server-dumb,load,workloadd,16,1572.3270440251572
153,redis-server-dumb,run,workloadd,16,1680.672268907563
154,redis-server-dumb,load,workloadd,17,1117.31843575419
155,redis-server-dumb,run,workloadd,17,1712.3287671232877
156,redis-server-dumb,load,workloadd,18,1180.637544273908
157,redis-server-dumb,run,workloadd,18,1680.672268907563
158,redis-server-dumb,load,workloadd,19,1152.073732718894
159,redis-server-dumb,run,workloadd,19,2197.802197802198
160,redis-server-dumb,load,workloade,0,1319.2612137203166
161,redis-server-dumb,run,workloade,0,41.502386387217264
162,redis-server-dumb,load,workloade,1,1119.8208286674133
163,redis-server-dumb,run,workloade,1,47.02562896778744
164,redis-server-dumb,load,workloade,2,1572.3270440251572
165,redis-server-dumb,run,workloade,2,42.4881033310673
166,redis-server-dumb,load,workloade,3,1179.245283018868
167,redis-server-dumb,run,workloade,3,48.569624556802175
168,redis-server-dumb,load,workloade,4,1552.7950310559006
169,redis-server-dumb,run,workloade,4,46.613527245606676
170,redis-server-dumb,load,workloade,5,1250.0
171,redis-server-dumb,run,workloade,5,48.828125
172,redis-server-dumb,load,workloade,6,1136.3636363636363
173,redis-server-dumb,run,workloade,6,43.48582362149939
174,redis-server-dumb,load,workloade,7,1128.6681715575621
175,redis-server-dumb,run,workloade,7,44.34589800443459
176,redis-server-dumb,load,workloade,8,1560.0624024960998
177,redis-server-dumb,run,workloade,8,43.76750700280112
178,redis-server-dumb,load,workloade,9,1112.3470522803113
179,redis-server-dumb,run,workloade,9,46.07657927475464
180,redis-server-dumb,load,workloade,10,1104.9723756906078
181,redis-server-dumb,run,workloade,10,53.11238580837051
182,redis-server-dumb,load,workloade,11,1116.0714285714287
183,redis-server-dumb,run,workloade,11,53.72877713303245
184,redis-server-dumb,load,workloade,12,1112.3470522803113
185,redis-server-dumb,run,workloade,12,45.14061300952467
186,redis-server-dumb,load,workloade,13,1156.0693641618498
187,redis-server-dumb,run,workloade,13,44.776787713249455
188,redis-server-dumb,load,workloade,14,1164.1443538998835
189,redis-server-dumb,run,workloade,14,46.57661853749418
190,redis-server-dumb,load,workloade,15,1117.31843575419
191,redis-server-dumb,run,workloade,15,45.00450045004501
192,redis-server-dumb,load,workloade,16,1152.073732718894
193,redis-server-dumb,run,workloade,16,49.05327185323261
194,redis-server-dumb,load,workloade,17,1106.1946902654868
195,redis-server-dumb,run,workloade,17,47.58053004710472
196,redis-server-dumb,load,workloade,18,1319.2612137203166
197,redis-server-dumb,run,workloade,18,48.49425343096843
198,redis-server-dumb,load,workloade,19,1122.334455667789
199,redis-server-dumb,run,workloade,19,52.47415647793462
200,redis-server-dumb,load,workloadf,0,1106.1946902654868
201,redis-server-dumb,run,workloadf,0,2057.61316872428
202,redis-server-dumb,load,workloadf,1,1557.632398753894
203,redis-server-dumb,run,workloadf,1,1515.1515151515152
204,redis-server-dumb,load,workloadf,2,1186.2396204033214
205,redis-server-dumb,run,workloadf,2,1727.1157167530225
206,redis-server-dumb,load,workloadf,3,1160.092807424594
207,redis-server-dumb,run,workloadf,3,1512.8593040847202
208,redis-server-dumb,load,workloadf,4,1123.5955056179776
209,redis-server-dumb,run,workloadf,4,1512.8593040847202
210,redis-server-dumb,load,workloadf,5,1215.0668286755772
211,redis-server-dumb,run,workloadf,5,1499.2503748125937
212,redis-server-dumb,load,workloadf,6,1248.4394506866417
213,redis-server-dumb,run,workloadf,6,1499.2503748125937
214,redis-server-dumb,load,workloadf,7,1114.8272017837235
215,redis-server-dumb,run,workloadf,7,1562.5
216,redis-server-dumb,load,workloadf,8,1085.7763300760043
217,redis-server-dumb,run,workloadf,8,1858.736059479554
218,redis-server-dumb,load,workloadf,9,1165.5011655011656
219,redis-server-dumb,run,workloadf,9,1550.3875968992247
220,redis-server-dumb,load,workloadf,10,1510.5740181268882
221,redis-server-dumb,run,workloadf,10,1766.7844522968198
222,redis-server-dumb,load,workloadf,11,1145.475372279496
223,redis-server-dumb,run,workloadf,11,1517.4506828528072
224,redis-server-dumb,load,workloadf,12,1169.5906432748538
225,redis-server-dumb,run,workloadf,12,1562.5
226,redis-server-dumb,load,workloadf,13,1112.3470522803113
227,redis-server-dumb,run,workloadf,13,1631.3213703099511
228,redis-server-dumb,load,workloadf,14,1180.637544273908
229,redis-server-dumb,run,workloadf,14,1869.1588785046729
230,redis-server-dumb,load,workloadf,15,1251.5644555694619
231,redis-server-dumb,run,workloadf,15,1949.317738791423
232,redis-server-dumb,load,workloadf,16,1118.5682326621925
233,redis-server-dumb,run,workloadf,16,1579.778830963665
234,redis-server-dumb,load,workloadf,17,1219.5121951219512
235,redis-server-dumb,run,workloadf,17,2028.3975659229209
236,redis-server-dumb,load,workloadf,18,1111.111111111111
237,redis-server-dumb,run,workloadf,18,1838.235294117647
238,redis-server-dumb,load,workloadf,19,1135.0737797956867
239,redis-server-dumb,run,workloadf,19,1727.1157167530225
240,redis-server-repair,load,workloada,0,4329.004329004329
241,redis-server-repair,run,workloada,0,5917.15976331361
242,redis-server-repair,load,workloada,1,4201.680672268908
243,redis-server-repair,run,workloada,1,6329.113924050633
244,redis-server-repair,load,workloada,2,4149.377593360996
245,redis-server-repair,run,workloada,2,5555.555555555556
246,redis-server-repair,load,workloada,3,4237.28813559322
247,redis-server-repair,run,workloada,3,5555.555555555556
248,redis-server-repair,load,workloada,4,4273.504273504273
249,redis-server-repair,run,workloada,4,5917.15976331361
250,redis-server-repair,load,workloada,5,4672.897196261682
251,redis-server-repair,run,workloada,5,6060.606060606061
252,redis-server-repair,load,workloada,6,4672.897196261682
253,redis-server-repair,run,workloada,6,5494.505494505494
254,redis-server-repair,load,workloada,7,4504.504504504504
255,redis-server-repair,run,workloada,7,6134.9693251533745
256,redis-server-repair,load,workloada,8,4366.812227074236
257,redis-server-repair,run,workloada,8,6172.83950617284
258,redis-server-repair,load,workloada,9,4291.845493562232
259,redis-server-repair,run,workloada,9,6711.4093959731545
260,redis-server-repair,load,workloada,10,4385.964912280701
261,redis-server-repair,run,workloada,10,6250.0
262,redis-server-repair,load,workloada,11,4115.22633744856
263,redis-server-repair,run,workloada,11,6060.606060606061
264,redis-server-repair,load,workloada,12,4237.28813559322
265,redis-server-repair,run,workloada,12,6369.426751592357
266,redis-server-repair,load,workloada,13,4166.666666666667
267,redis-server-repair,run,workloada,13,5000.0
268,redis-server-repair,load,workloada,14,4219.4092827004215
269,redis-server-repair,run,workloada,14,6410.25641025641
270,redis-server-repair,load,workloada,15,4132.231404958678
271,redis-server-repair,run,workloada,15,6493.506493506494
272,redis-server-repair,load,workloada,16,4524.886877828054
273,redis-server-repair,run,workloada,16,5617.9775280898875
274,redis-server-repair,load,workloada,17,4065.040650406504
275,redis-server-repair,run,workloada,17,5847.953216374269
276,redis-server-repair,load,workloada,18,4587.155963302752
277,redis-server-repair,run,workloada,18,6622.516556291391
278,redis-server-repair,load,workloada,19,4424.778761061947
279,redis-server-repair,run,workloada,19,5649.717514124294
280,redis-server-repair,load,workloadb,0,4219.4092827004215
281,redis-server-repair,run,workloadb,0,6211.180124223602
282,redis-server-repair,load,workloadb,1,4347.826086956522
283,redis-server-repair,run,workloadb,1,6622.516556291391
284,redis-server-repair,load,workloadb,2,4694.835680751174
285,redis-server-repair,run,workloadb,2,6329.113924050633
286,redis-server-repair,load,workloadb,3,4291.845493562232
287,redis-server-repair,run,workloadb,3,6535.9477124183
288,redis-server-repair,load,workloadb,4,4048.582995951417
289,redis-server-repair,run,workloadb,4,6578.9473684210525
290,redis-server-repair,load,workloadb,5,4608.294930875576
291,redis-server-repair,run,workloadb,5,6134.9693251533745
292,redis-server-repair,load,workloadb,6,4115.22633744856
293,redis-server-repair,run,workloadb,6,6024.096385542169
294,redis-server-repair,load,workloadb,7,4115.22633744856
295,redis-server-repair,run,workloadb,7,6289.308176100629
296,redis-server-repair,load,workloadb,8,3861.003861003861
297,redis-server-repair,run,workloadb,8,5917.15976331361
298,redis-server-repair,load,workloadb,9,4608.294930875576
299,redis-server-repair,run,workloadb,9,7299.270072992701
300,redis-server-repair,load,workloadb,10,4385.964912280701
301,redis-server-repair,run,workloadb,10,6097.5609756097565
302,redis-server-repair,load,workloadb,11,4545.454545454545
303,redis-server-repair,run,workloadb,11,6451.612903225807
304,redis-server-repair,load,workloadb,12,4347.826086956522
305,redis-server-repair,run,workloadb,12,6896.551724137931
306,redis-server-repair,load,workloadb,13,4651.162790697675
307,redis-server-repair,run,workloadb,13,6329.113924050633
308,redis-server-repair,load,workloadb,14,4524.886877828054
309,redis-server-repair,run,workloadb,14,5405.405405405405
310,redis-server-repair,load,workloadb,15,4587.155963302752
311,redis-server-repair,run,workloadb,15,6451.612903225807
312,redis-server-repair,load,workloadb,16,4424.778761061947
313,redis-server-repair,run,workloadb,16,6944.444444444444
314,redis-server-repair,load,workloadb,17,4347.826086956522
315,redis-server-repair,run,workloadb,17,6578.9473684210525
316,redis-server-repair,load,workloadb,18,5181.347150259067
317,redis-server-repair,run,workloadb,18,6756.756756756757
318,redis-server-repair,load,workloadb,19,4444.444444444444
319,redis-server-repair,run,workloadb,19,6172.83950617284
320,redis-server-repair,load,workloadc,0,4273.504273504273
321,redis-server-repair,run,workloadc,0,6211.180124223602
322,redis-server-repair,load,workloadc,1,4524.886877828054
323,redis-server-repair,run,workloadc,1,6622.516556291391
324,redis-server-repair,load,workloadc,2,4504.504504504504
325,redis-server-repair,run,workloadc,2,6329.113924050633
326,redis-server-repair,load,workloadc,3,4310.3448275862065
327,redis-server-repair,run,workloadc,3,6060.606060606061
328,redis-server-repair,load,workloadc,4,4347.826086956522
329,redis-server-repair,run,workloadc,4,6711.4093959731545
330,redis-server-repair,load,workloadc,5,4329.004329004329
331,redis-server-repair,run,workloadc,5,6060.606060606061
332,redis-server-repair,load,workloadc,6,4273.504273504273
333,redis-server-repair,run,workloadc,6,6944.444444444444
334,redis-server-repair,load,workloadc,7,4048.582995951417
335,redis-server-repair,run,workloadc,7,6410.25641025641
336,redis-server-repair,load,workloadc,8,4484.304932735426
337,redis-server-repair,run,workloadc,8,6451.612903225807
338,redis-server-repair,load,workloadc,9,4310.3448275862065
339,redis-server-repair,run,workloadc,9,6711.4093959731545
340,redis-server-repair,load,workloadc,10,3984.06374501992
341,redis-server-repair,run,workloadc,10,6666.666666666667
342,redis-server-repair,load,workloadc,11,4201.680672268908
343,redis-server-repair,run,workloadc,11,6250.0
344,redis-server-repair,load,workloadc,12,4219.4092827004215
345,redis-server-repair,run,workloadc,12,6535.9477124183
346,redis-server-repair,load,workloadc,13,4255.31914893617
347,redis-server-repair,run,workloadc,13,6849.315068493151
348,redis-server-repair,load,workloadc,14,4291.845493562232
349,redis-server-repair,run,workloadc,14,6535.9477124183
350,redis-server-repair,load,workloadc,15,4629.62962962963
351,redis-server-repair,run,workloadc,15,6756.756756756757
352,redis-server-repair,load,workloadc,16,4132.231404958678
353,redis-server-repair,run,workloadc,16,6993.006993006993
354,redis-server-repair,load,workloadc,17,4366.812227074236
355,redis-server-repair,run,workloadc,17,6666.666666666667
356,redis-server-repair,load,workloadc,18,4424.778761061947
357,redis-server-repair,run,workloadc,18,6369.426751592357
358,redis-server-repair,load,workloadc,19,4629.62962962963
359,redis-server-repair,run,workloadc,19,6097.5609756097565
360,redis-server-repair,load,workloadd,0,4329.004329004329
361,redis-server-repair,run,workloadd,0,5714.285714285715
362,redis-server-repair,load,workloadd,1,4587.155963302752
363,redis-server-repair,run,workloadd,1,5681.818181818182
364,redis-server-repair,load,workloadd,2,4784.688995215311
365,redis-server-repair,run,workloadd,2,5952.380952380952
366,redis-server-repair,load,workloadd,3,4273.504273504273
367,redis-server-repair,run,workloadd,3,5780.346820809248
368,redis-server-repair,load,workloadd,4,4065.040650406504
369,redis-server-repair,run,workloadd,4,5586.592178770949
370,redis-server-repair,load,workloadd,5,4566.2100456621
371,redis-server-repair,run,workloadd,5,5586.592178770949
372,redis-server-repair,load,workloadd,6,4115.22633744856
373,redis-server-repair,run,workloadd,6,5747.126436781609
374,redis-server-repair,load,workloadd,7,4255.31914893617
375,redis-server-repair,run,workloadd,7,5747.126436781609
376,redis-server-repair,load,workloadd,8,4587.155963302752
377,redis-server-repair,run,workloadd,8,5649.717514124294
378,redis-server-repair,load,workloadd,9,3984.06374501992
379,redis-server-repair,run,workloadd,9,5882.35294117647
380,redis-server-repair,load,workloadd,10,3968.253968253968
381,redis-server-repair,run,workloadd,10,5555.555555555556
382,redis-server-repair,load,workloadd,11,4424.778761061947
383,redis-server-repair,run,workloadd,11,5494.505494505494
384,redis-server-repair,load,workloadd,12,4166.666666666667
385,redis-server-repair,run,workloadd,12,5813.953488372093
386,redis-server-repair,load,workloadd,13,4149.377593360996
387,redis-server-repair,run,workloadd,13,6410.25641025641
388,redis-server-repair,load,workloadd,14,4310.3448275862065
389,redis-server-repair,run,workloadd,14,5780.346820809248
390,redis-server-repair,load,workloadd,15,4310.3448275862065
391,redis-server-repair,run,workloadd,15,5617.9775280898875
392,redis-server-repair,load,workloadd,16,4405.286343612334
393,redis-server-repair,run,workloadd,16,5681.818181818182
394,redis-server-repair,load,workloadd,17,4016.0642570281125
395,redis-server-repair,run,workloadd,17,5524.861878453039
396,redis-server-repair,load,workloadd,18,3968.253968253968
397,redis-server-repair,run,workloadd,18,5586.592178770949
398,redis-server-repair,load,workloadd,19,4000.0
399,redis-server-repair,run,workloadd,19,6410.25641025641
400,redis-server-repair,load,workloade,0,4444.444444444444
401,redis-server-repair,run,workloade,0,473.4848484848485
402,redis-server-repair,load,workloade,1,4310.3448275862065
403,redis-server-repair,run,workloade,1,476.1904761904762
404,redis-server-repair,load,workloade,2,4219.4092827004215
405,redis-server-repair,run,workloade,2,507.61421319796955
406,redis-server-repair,load,workloade,3,4048.582995951417
407,redis-server-repair,run,workloade,3,489.47626040137055
408,redis-server-repair,load,workloade,4,4504.504504504504
409,redis-server-repair,run,workloade,4,457.66590389016017
410,redis-server-repair,load,workloade,5,4444.444444444444
411,redis-server-repair,run,workloade,5,530.2226935312831
412,redis-server-repair,load,workloade,6,4166.666666666667
413,redis-server-repair,run,workloade,6,507.61421319796955
414,redis-server-repair,load,workloade,7,4444.444444444444
415,redis-server-repair,run,workloade,7,547.945205479452
416,redis-server-repair,load,workloade,8,4098.360655737705
417,redis-server-repair,run,workloade,8,467.94571829667757
418,redis-server-repair,load,workloade,9,4629.62962962963
419,redis-server-repair,run,workloade,9,537.6344086021505
420,redis-server-repair,load,workloade,10,4608.294930875576
421,redis-server-repair,run,workloade,10,527.9831045406547
422,redis-server-repair,load,workloade,11,4608.294930875576
423,redis-server-repair,run,workloade,11,460.4051565377532
424,redis-server-repair,load,workloade,12,4366.812227074236
425,redis-server-repair,run,workloade,12,472.5897920604915
426,redis-server-repair,load,workloade,13,4484.304932735426
427,redis-server-repair,run,workloade,13,485.201358563804
428,redis-server-repair,load,workloade,14,4273.504273504273
429,redis-server-repair,run,workloade,14,505.5611729019211
430,redis-server-repair,load,workloade,15,4484.304932735426
431,redis-server-repair,run,workloade,15,509.683995922528
432,redis-server-repair,load,workloade,16,4132.231404958678
433,redis-server-repair,run,workloade,16,511.5089514066496
434,redis-server-repair,load,workloade,17,4366.812227074236
435,redis-server-repair,run,workloade,17,534.1880341880342
436,redis-server-repair,load,workloade,18,4484.304932735426
437,redis-server-repair,run,workloade,18,527.1481286241434
438,redis-server-repair,load,workloade,19,4255.31914893617
439,redis-server-repair,run,workloade,19,498.2561036372696
440,redis-server-repair,load,workloadf,0,4366.812227074236
441,redis-server-repair,run,workloadf,0,5405.405405405405
442,redis-server-repair,load,workloadf,1,5076.1421319796955
443,redis-server-repair,run,workloadf,1,4739.336492890995
444,redis-server-repair,load,workloadf,2,4566.2100456621
445,redis-server-repair,run,workloadf,2,4926.108374384236
446,redis-server-repair,load,workloadf,3,4237.28813559322
447,redis-server-repair,run,workloadf,3,5780.346820809248
448,redis-server-repair,load,workloadf,4,4608.294930875576
449,redis-server-repair,run,workloadf,4,4784.688995215311
450,redis-server-repair,load,workloadf,5,4385.964912280701
451,redis-server-repair,run,workloadf,5,5235.602094240838
452,redis-server-repair,load,workloadf,6,4000.0
453,redis-server-repair,run,workloadf,6,5102.040816326531
454,redis-server-repair,load,workloadf,7,4950.495049504951
455,redis-server-repair,run,workloadf,7,5000.0
456,redis-server-repair,load,workloadf,8,4132.231404958678
457,redis-server-repair,run,workloadf,8,5464.48087431694
458,redis-server-repair,load,workloadf,9,4291.845493562232
459,redis-server-repair,run,workloadf,9,5586.592178770949
460,redis-server-repair,load,workloadf,10,4484.304932735426
461,redis-server-repair,run,workloadf,10,4926.108374384236
462,redis-server-repair,load,workloadf,11,4651.162790697675
463,redis-server-repair,run,workloadf,11,5181.347150259067
464,redis-server-repair,load,workloadf,12,4201.680672268908
465,redis-server-repair,run,workloadf,12,5405.405405405405
466,redis-server-repair,load,workloadf,13,4424.778761061947
467,redis-server-repair,run,workloadf,13,5347.593582887701
468,redis-server-repair,load,workloadf,14,4545.454545454545
469,redis-server-repair,run,workloadf,14,4975.124378109453
470,redis-server-repair,load,workloadf,15,4524.886877828054
471,redis-server-repair,run,workloadf,15,5681.818181818182
472,redis-server-repair,load,workloadf,16,4219.4092827004215
473,redis-server-repair,run,workloadf,16,5586.592178770949
474,redis-server-repair,load,workloadf,17,4504.504504504504
475,redis-server-repair,run,workloadf,17,5263.1578947368425
476,redis-server-repair,load,workloadf,18,4166.666666666667
477,redis-server-repair,run,workloadf,18,5347.593582887701
478,redis-server-repair,load,workloadf,19,4310.3448275862065
479,redis-server-repair,run,workloadf,19,5025.125628140703
480,redis-server,load,workloada,0,4504.504504504504
481,redis-server,run,workloada,0,6289.308176100629
482,redis-server,load,workloada,1,4424.778761061947
483,redis-server,run,workloada,1,6369.426751592357
484,redis-server,load,workloada,2,4347.826086956522
485,redis-server,run,workloada,2,6097.5609756097565
486,redis-server,load,workloada,3,4366.812227074236
487,redis-server,run,workloada,3,6172.83950617284
488,redis-server,load,workloada,4,4608.294930875576
489,redis-server,run,workloada,4,6289.308176100629
490,redis-server,load,workloada,5,4484.304932735426
491,redis-server,run,workloada,5,5952.380952380952
492,redis-server,load,workloada,6,4048.582995951417
493,redis-server,run,workloada,6,5617.9775280898875
494,redis-server,load,workloada,7,4329.004329004329
495,redis-server,run,workloada,7,6535.9477124183
496,redis-server,load,workloada,8,4255.31914893617
497,redis-server,run,workloada,8,6097.5609756097565
498,redis-server,load,workloada,9,4524.886877828054
499,redis-server,run,workloada,9,5681.818181818182
500,redis-server,load,workloada,10,4291.845493562232
501,redis-server,run,workloada,10,6369.426751592357
502,redis-server,load,workloada,11,4405.286343612334
503,redis-server,run,workloada,11,6451.612903225807
504,redis-server,load,workloada,12,4524.886877828054
505,redis-server,run,workloada,12,6451.612903225807
506,redis-server,load,workloada,13,4524.886877828054
507,redis-server,run,workloada,13,5988.023952095808
508,redis-server,load,workloada,14,4587.155963302752
509,redis-server,run,workloada,14,6451.612903225807
510,redis-server,load,workloada,15,4545.454545454545
511,redis-server,run,workloada,15,6211.180124223602
512,redis-server,load,workloada,16,4587.155963302752
513,redis-server,run,workloada,16,6410.25641025641
514,redis-server,load,workloada,17,4405.286343612334
515,redis-server,run,workloada,17,6134.9693251533745
516,redis-server,load,workloada,18,4716.981132075472
517,redis-server,run,workloada,18,6060.606060606061
518,redis-server,load,workloada,19,4566.2100456621
519,redis-server,run,workloada,19,6451.612903225807
520,redis-server,load,workloadb,0,4484.304932735426
521,redis-server,run,workloadb,0,6250.0
522,redis-server,load,workloadb,1,4651.162790697675
523,redis-server,run,workloadb,1,6289.308176100629
524,redis-server,load,workloadb,2,4484.304932735426
525,redis-server,run,workloadb,2,6329.113924050633
526,redis-server,load,workloadb,3,4629.62962962963
527,redis-server,run,workloadb,3,6451.612903225807
528,redis-server,load,workloadb,4,4504.504504504504
529,redis-server,run,workloadb,4,6711.4093959731545
530,redis-server,load,workloadb,5,4694.835680751174
531,redis-server,run,workloadb,5,6666.666666666667
532,redis-server,load,workloadb,6,4629.62962962963
533,redis-server,run,workloadb,6,6535.9477124183
534,redis-server,load,workloadb,7,4672.897196261682
535,redis-server,run,workloadb,7,6024.096385542169
536,redis-server,load,workloadb,8,4716.981132075472
537,redis-server,run,workloadb,8,6060.606060606061
538,redis-server,load,workloadb,9,4608.294930875576
539,redis-server,run,workloadb,9,6134.9693251533745
540,redis-server,load,workloadb,10,4716.981132075472
541,redis-server,run,workloadb,10,6289.308176100629
542,redis-server,load,workloadb,11,4651.162790697675
543,redis-server,run,workloadb,11,6369.426751592357
544,redis-server,load,workloadb,12,4672.897196261682
545,redis-server,run,workloadb,12,6289.308176100629
546,redis-server,load,workloadb,13,4504.504504504504
547,redis-server,run,workloadb,13,6535.9477124183
548,redis-server,load,workloadb,14,4504.504504504504
549,redis-server,run,workloadb,14,6578.9473684210525
550,redis-server,load,workloadb,15,4608.294930875576
551,redis-server,run,workloadb,15,6622.516556291391
552,redis-server,load,workloadb,16,4484.304932735426
553,redis-server,run,workloadb,16,6211.180124223602
554,redis-server,load,workloadb,17,4672.897196261682
555,redis-server,run,workloadb,17,6535.9477124183
556,redis-server,load,workloadb,18,4310.3448275862065
557,redis-server,run,workloadb,18,6849.315068493151
558,redis-server,load,workloadb,19,4651.162790697675
559,redis-server,run,workloadb,19,6250.0
560,redis-server,load,workloadc,0,4566.2100456621
561,redis-server,run,workloadc,0,6451.612903225807
562,redis-server,load,workloadc,1,4524.886877828054
563,redis-server,run,workloadc,1,6578.9473684210525
564,redis-server,load,workloadc,2,4566.2100456621
565,redis-server,run,workloadc,2,6896.551724137931
566,redis-server,load,workloadc,3,4716.981132075472
567,redis-server,run,workloadc,3,6578.9473684210525
568,redis-server,load,workloadc,4,4587.155963302752
569,redis-server,run,workloadc,4,6329.113924050633
570,redis-server,load,workloadc,5,4694.835680751174
571,redis-server,run,workloadc,5,6329.113924050633
572,redis-server,load,workloadc,6,4761.9047619047615
573,redis-server,run,workloadc,6,6666.666666666667
574,redis-server,load,workloadc,7,4524.886877828054
575,redis-server,run,workloadc,7,6329.113924050633
576,redis-server,load,workloadc,8,4310.3448275862065
577,redis-server,run,workloadc,8,6756.756756756757
578,redis-server,load,workloadc,9,4608.294930875576
579,redis-server,run,workloadc,9,6993.006993006993
580,redis-server,load,workloadc,10,4524.886877828054
581,redis-server,run,workloadc,10,6666.666666666667
582,redis-server,load,workloadc,11,4405.286343612334
583,redis-server,run,workloadc,11,6802.721088435374
584,redis-server,load,workloadc,12,4566.2100456621
585,redis-server,run,workloadc,12,6578.9473684210525
586,redis-server,load,workloadc,13,4524.886877828054
587,redis-server,run,workloadc,13,6451.612903225807
588,redis-server,load,workloadc,14,4694.835680751174
589,redis-server,run,workloadc,14,6535.9477124183
590,redis-server,load,workloadc,15,4672.897196261682
591,redis-server,run,workloadc,15,6622.516556291391
592,redis-server,load,workloadc,16,4566.2100456621
593,redis-server,run,workloadc,16,6622.516556291391
594,redis-server,load,workloadc,17,4524.886877828054
595,redis-server,run,workloadc,17,6802.721088435374
596,redis-server,load,workloadc,18,4716.981132075472
597,redis-server,run,workloadc,18,6172.83950617284
598,redis-server,load,workloadc,19,4405.286343612334
599,redis-server,run,workloadc,19,6535.9477124183
600,redis-server,load,workloadd,0,4587.155963302752
601,redis-server,run,workloadd,0,6289.308176100629
602,redis-server,load,workloadd,1,4761.9047619047615
603,redis-server,run,workloadd,1,5882.35294117647
604,redis-server,load,workloadd,2,4566.2100456621
605,redis-server,run,workloadd,2,5952.380952380952
606,redis-server,load,workloadd,3,4716.981132075472
607,redis-server,run,workloadd,3,6289.308176100629
608,redis-server,load,workloadd,4,4587.155963302752
609,redis-server,run,workloadd,4,5917.15976331361
610,redis-server,load,workloadd,5,4524.886877828054
611,redis-server,run,workloadd,5,6329.113924050633
612,redis-server,load,workloadd,6,4464.285714285715
613,redis-server,run,workloadd,6,5917.15976331361
614,redis-server,load,workloadd,7,4219.4092827004215
615,redis-server,run,workloadd,7,6250.0
616,redis-server,load,workloadd,8,4166.666666666667
617,redis-server,run,workloadd,8,6329.113924050633
618,redis-server,load,workloadd,9,4587.155963302752
619,redis-server,run,workloadd,9,6060.606060606061
620,redis-server,load,workloadd,10,4566.2100456621
621,redis-server,run,workloadd,10,6024.096385542169
622,redis-server,load,workloadd,11,4524.886877828054
623,redis-server,run,workloadd,11,5847.953216374269
624,redis-server,load,workloadd,12,4545.454545454545
625,redis-server,run,workloadd,12,5917.15976331361
626,redis-server,load,workloadd,13,4545.454545454545
627,redis-server,run,workloadd,13,6060.606060606061
628,redis-server,load,workloadd,14,4545.454545454545
629,redis-server,run,workloadd,14,5988.023952095808
630,redis-server,load,workloadd,15,4424.778761061947
631,redis-server,run,workloadd,15,6250.0
632,redis-server,load,workloadd,16,4347.826086956522
633,redis-server,run,workloadd,16,5813.953488372093
634,redis-server,load,workloadd,17,4545.454545454545
635,redis-server,run,workloadd,17,6369.426751592357
636,redis-server,load,workloadd,18,4405.286343612334
637,redis-server,run,workloadd,18,6250.0
638,redis-server,load,workloadd,19,4608.294930875576
639,redis-server,run,workloadd,19,6289.308176100629
640,redis-server,load,workloade,0,4587.155963302752
641,redis-server,run,workloade,0,536.1930294906166
642,redis-server,load,workloade,1,4504.504504504504
643,redis-server,run,workloade,1,504.54086781029264
644,redis-server,load,workloade,2,4405.286343612334
645,redis-server,run,workloade,2,514.40329218107
646,redis-server,load,workloade,3,4784.688995215311
647,redis-server,run,workloade,3,504.79555779909134
648,redis-server,load,workloade,4,4545.454545454545
649,redis-server,run,workloade,4,577.7007510109763
650,redis-server,load,workloade,5,4608.294930875576
651,redis-server,run,workloade,5,478.0114722753346
652,redis-server,load,workloade,6,4273.504273504273
653,redis-server,run,workloade,6,561.7977528089888
654,redis-server,load,workloade,7,4545.454545454545
655,redis-server,run,workloade,7,490.6771344455348
656,redis-server,load,workloade,8,4587.155963302752
657,redis-server,run,workloade,8,511.5089514066496
658,redis-server,load,workloade,9,4545.454545454545
659,redis-server,run,workloade,9,520.2913631633714
660,redis-server,load,workloade,10,4566.2100456621
661,redis-server,run,workloade,10,482.6254826254826
662,redis-server,load,workloade,11,4545.454545454545
663,redis-server,run,workloade,11,537.0569280343716
664,redis-server,load,workloade,12,4484.304932735426
665,redis-server,run,workloade,12,491.1591355599214
666,redis-server,load,workloade,13,4587.155963302752
667,redis-server,run,workloade,13,532.7650506126798
668,redis-server,load,workloade,14,4484.304932735426
669,redis-server,run,workloade,14,483.3252779120348
670,redis-server,load,workloade,15,4424.778761061947
671,redis-server,run,workloade,15,509.683995922528
672,redis-server,load,workloade,16,4166.666666666667
673,redis-server,run,workloade,16,487.0920603994155
674,redis-server,load,workloade,17,4651.162790697675
675,redis-server,run,workloade,17,562.429696287964
676,redis-server,load,workloade,18,4694.835680751174
677,redis-server,run,workloade,18,533.0490405117271
678,redis-server,load,workloade,19,4545.454545454545
679,redis-server,run,workloade,19,501.5045135406219
680,redis-server,load,workloadf,0,4672.897196261682
681,redis-server,run,workloadf,0,5494.505494505494
682,redis-server,load,workloadf,1,4291.845493562232
683,redis-server,run,workloadf,1,5494.505494505494
684,redis-server,load,workloadf,2,4504.504504504504
685,redis-server,run,workloadf,2,5405.405405405405
686,redis-server,load,workloadf,3,4608.294930875576
687,redis-server,run,workloadf,3,5494.505494505494
688,redis-server,load,workloadf,4,4566.2100456621
689,redis-server,run,workloadf,4,5263.1578947368425
690,redis-server,load,workloadf,5,4464.285714285715
691,redis-server,run,workloadf,5,5464.48087431694
692,redis-server,load,workloadf,6,4672.897196261682
693,redis-server,run,workloadf,6,5524.861878453039
694,redis-server,load,workloadf,7,4444.444444444444
695,redis-server,run,workloadf,7,5347.593582887701
696,redis-server,load,workloadf,8,4608.294930875576
697,redis-server,run,workloadf,8,5555.555555555556
698,redis-server,load,workloadf,9,4784.688995215311
699,redis-server,run,workloadf,9,5235.602094240838
700,redis-server,load,workloadf,10,4694.835680751174
701,redis-server,run,workloadf,10,5319.148936170212
702,redis-server,load,workloadf,11,4672.897196261682
703,redis-server,run,workloadf,11,5405.405405405405
704,redis-server,load,workloadf,12,4651.162790697675
705,redis-server,run,workloadf,12,5555.555555555556
706,redis-server,load,workloadf,13,4566.2100456621
707,redis-server,run,workloadf,13,5376.344086021505
708,redis-server,load,workloadf,14,4694.835680751174
709,redis-server,run,workloadf,14,5347.593582887701
710,redis-server,load,workloadf,15,4651.162790697675
711,redis-server,run,workloadf,15,5649.717514124294
712,redis-server,load,workloadf,16,4255.31914893617
713,redis-server,run,workloadf,16,5291.005291005291
714,redis-server,load,workloadf,17,4504.504504504504
715,redis-server,run,workloadf,17,5494.505494505494
716,redis-server,load,workloadf,18,4629.62962962963
717,redis-server,run,workloadf,18,5319.148936170212
718,redis-server,load,workloadf,19,4830.917874396136
719,redis-server,run,workloadf,19,5208.333333333333
720,redis-server-noflush,load,workloada,0,4524.886877828054
721,redis-server-noflush,run,workloada,0,5988.023952095808
722,redis-server-noflush,load,workloada,1,4329.004329004329
723,redis-server-noflush,run,workloada,1,6369.426751592357
724,redis-server-noflush,load,workloada,2,4672.897196261682
725,redis-server-noflush,run,workloada,2,5988.023952095808
726,redis-server-noflush,load,workloada,3,4484.304932735426
727,redis-server-noflush,run,workloada,3,6172.83950617284
728,redis-server-noflush,load,workloada,4,4629.62962962963
729,redis-server-noflush,run,workloada,4,5882.35294117647
730,redis-server-noflush,load,workloada,5,4545.454545454545
731,redis-server-noflush,run,workloada,5,6250.0
732,redis-server-noflush,load,workloada,6,4310.3448275862065
733,redis-server-noflush,run,workloada,6,6622.516556291391
734,redis-server-noflush,load,workloada,7,4405.286343612334
735,redis-server-noflush,run,workloada,7,6535.9477124183
736,redis-server-noflush,load,workloada,8,4545.454545454545
737,redis-server-noflush,run,workloada,8,6535.9477124183
738,redis-server-noflush,load,workloada,9,4975.124378109453
739,redis-server-noflush,run,workloada,9,6578.9473684210525
740,redis-server-noflush,load,workloada,10,4366.812227074236
741,redis-server-noflush,run,workloada,10,6369.426751592357
742,redis-server-noflush,load,workloada,11,4587.155963302752
743,redis-server-noflush,run,workloada,11,5555.555555555556
744,redis-server-noflush,load,workloada,12,4672.897196261682
745,redis-server-noflush,run,workloada,12,6369.426751592357
746,redis-server-noflush,load,workloada,13,4830.917874396136
747,redis-server-noflush,run,workloada,13,6622.516556291391
748,redis-server-noflush,load,workloada,14,4444.444444444444
749,redis-server-noflush,run,workloada,14,6329.113924050633
750,redis-server-noflush,load,workloada,15,4672.897196261682
751,redis-server-noflush,run,workloada,15,5780.346820809248
752,redis-server-noflush,load,workloada,16,4524.886877828054
753,redis-server-noflush,run,workloada,16,6134.9693251533745
754,redis-server-noflush,load,workloada,17,4347.826086956522
755,redis-server-noflush,run,workloada,17,5780.346820809248
756,redis-server-noflush,load,workloada,18,4366.812227074236
757,redis-server-noflush,run,workloada,18,6024.096385542169
758,redis-server-noflush,load,workloada,19,4464.285714285715
759,redis-server-noflush,run,workloada,19,6493.506493506494
760,redis-server-noflush,load,workloadb,0,4566.2100456621
761,redis-server-noflush,run,workloadb,0,6211.180124223602
762,redis-server-noflush,load,workloadb,1,4524.886877828054
763,redis-server-noflush,run,workloadb,1,6289.308176100629
764,redis-server-noflush,load,workloadb,2,4385.964912280701
765,redis-server-noflush,run,workloadb,2,6622.516556291391
766,redis-server-noflush,load,workloadb,3,4566.2100456621
767,redis-server-noflush,run,workloadb,3,6802.721088435374
768,redis-server-noflush,load,workloadb,4,4784.688995215311
769,redis-server-noflush,run,workloadb,4,6756.756756756757
770,redis-server-noflush,load,workloadb,5,4545.454545454545
771,redis-server-noflush,run,workloadb,5,6097.5609756097565
772,redis-server-noflush,load,workloadb,6,4545.454545454545
773,redis-server-noflush,run,workloadb,6,6060.606060606061
774,redis-server-noflush,load,workloadb,7,4545.454545454545
775,redis-server-noflush,run,workloadb,7,6535.9477124183
776,redis-server-noflush,load,workloadb,8,4524.886877828054
777,redis-server-noflush,run,workloadb,8,6451.612903225807
778,redis-server-noflush,load,workloadb,9,4444.444444444444
779,redis-server-noflush,run,workloadb,9,6250.0
780,redis-server-noflush,load,workloadb,10,4587.155963302752
781,redis-server-noflush,run,workloadb,10,6410.25641025641
782,redis-server-noflush,load,workloadb,11,4424.778761061947
783,redis-server-noflush,run,workloadb,11,6622.516556291391
784,redis-server-noflush,load,workloadb,12,4149.377593360996
785,redis-server-noflush,run,workloadb,12,6289.308176100629
786,redis-server-noflush,load,workloadb,13,4444.444444444444
787,redis-server-noflush,run,workloadb,13,6666.666666666667
788,redis-server-noflush,load,workloadb,14,4424.778761061947
789,redis-server-noflush,run,workloadb,14,6535.9477124183
790,redis-server-noflush,load,workloadb,15,4329.004329004329
791,redis-server-noflush,run,workloadb,15,6802.721088435374
792,redis-server-noflush,load,workloadb,16,4739.336492890995
793,redis-server-noflush,run,workloadb,16,6896.551724137931
794,redis-server-noflush,load,workloadb,17,4366.812227074236
795,redis-server-noflush,run,workloadb,17,6493.506493506494
796,redis-server-noflush,load,workloadb,18,4629.62962962963
797,redis-server-noflush,run,workloadb,18,6756.756756756757
798,redis-server-noflush,load,workloadb,19,4405.286343612334
799,redis-server-noflush,run,workloadb,19,6535.9477124183
800,redis-server-noflush,load,workloadc,0,4464.285714285715
801,redis-server-noflush,run,workloadc,0,6060.606060606061
802,redis-server-noflush,load,workloadc,1,4608.294930875576
803,redis-server-noflush,run,workloadc,1,6944.444444444444
804,redis-server-noflush,load,workloadc,2,4255.31914893617
805,redis-server-noflush,run,workloadc,2,6250.0
806,redis-server-noflush,load,workloadc,3,4761.9047619047615
807,redis-server-noflush,run,workloadc,3,6493.506493506494
808,redis-server-noflush,load,workloadc,4,4273.504273504273
809,redis-server-noflush,run,workloadc,4,6849.315068493151
810,redis-server-noflush,load,workloadc,5,4464.285714285715
811,redis-server-noflush,run,workloadc,5,6622.516556291391
812,redis-server-noflush,load,workloadc,6,4608.294930875576
813,redis-server-noflush,run,workloadc,6,6944.444444444444
814,redis-server-noflush,load,workloadc,7,4444.444444444444
815,redis-server-noflush,run,workloadc,7,6369.426751592357
816,redis-server-noflush,load,workloadc,8,4608.294930875576
817,redis-server-noflush,run,workloadc,8,6410.25641025641
818,redis-server-noflush,load,workloadc,9,4504.504504504504
819,redis-server-noflush,run,workloadc,9,6578.9473684210525
820,redis-server-noflush,load,workloadc,10,4484.304932735426
821,redis-server-noflush,run,workloadc,10,6578.9473684210525
822,redis-server-noflush,load,workloadc,11,4629.62962962963
823,redis-server-noflush,run,workloadc,11,6896.551724137931
824,redis-server-noflush,load,workloadc,12,4524.886877828054
825,redis-server-noflush,run,workloadc,12,6410.25641025641
826,redis-server-noflush,load,workloadc,13,4405.286343612334
827,redis-server-noflush,run,workloadc,13,6896.551724137931
828,redis-server-noflush,load,workloadc,14,4566.2100456621
829,redis-server-noflush,run,workloadc,14,6756.756756756757
830,redis-server-noflush,load,workloadc,15,4545.454545454545
831,redis-server-noflush,run,workloadc,15,6493.506493506494
832,redis-server-noflush,load,workloadc,16,4405.286343612334
833,redis-server-noflush,run,workloadc,16,6369.426751592357
834,redis-server-noflush,load,workloadc,17,4366.812227074236
835,redis-server-noflush,run,workloadc,17,6535.9477124183
836,redis-server-noflush,load,workloadc,18,4950.495049504951
837,redis-server-noflush,run,workloadc,18,6944.444444444444
838,redis-server-noflush,load,workloadc,19,4484.304932735426
839,redis-server-noflush,run,workloadc,19,6849.315068493151
840,redis-server-noflush,load,workloadd,0,4524.886877828054
841,redis-server-noflush,run,workloadd,0,6134.9693251533745
842,redis-server-noflush,load,workloadd,1,4484.304932735426
843,redis-server-noflush,run,workloadd,1,5882.35294117647
844,redis-server-noflush,load,workloadd,2,4424.778761061947
845,redis-server-noflush,run,workloadd,2,5952.380952380952
846,redis-server-noflush,load,workloadd,3,4524.886877828054
847,redis-server-noflush,run,workloadd,3,6060.606060606061
848,redis-server-noflush,load,workloadd,4,4545.454545454545
849,redis-server-noflush,run,workloadd,4,6329.113924050633
850,redis-server-noflush,load,workloadd,5,4524.886877828054
851,redis-server-noflush,run,workloadd,5,5952.380952380952
852,redis-server-noflush,load,workloadd,6,4629.62962962963
853,redis-server-noflush,run,workloadd,6,5988.023952095808
854,redis-server-noflush,load,workloadd,7,4694.835680751174
855,redis-server-noflush,run,workloadd,7,5847.953216374269
856,redis-server-noflush,load,workloadd,8,4672.897196261682
857,redis-server-noflush,run,workloadd,8,6097.5609756097565
858,redis-server-noflush,load,workloadd,9,4524.886877828054
859,redis-server-noflush,run,workloadd,9,6097.5609756097565
860,redis-server-noflush,load,workloadd,10,4545.454545454545
861,redis-server-noflush,run,workloadd,10,6024.096385542169
862,redis-server-noflush,load,workloadd,11,4524.886877828054
863,redis-server-noflush,run,workloadd,11,5988.023952095808
864,redis-server-noflush,load,workloadd,12,4694.835680751174
865,redis-server-noflush,run,workloadd,12,5813.953488372093
866,redis-server-noflush,load,workloadd,13,4504.504504504504
867,redis-server-noflush,run,workloadd,13,6410.25641025641
868,redis-server-noflush,load,workloadd,14,4504.504504504504
869,redis-server-noflush,run,workloadd,14,6451.612903225807
870,redis-server-noflush,load,workloadd,15,4587.155963302752
871,redis-server-noflush,run,workloadd,15,5952.380952380952
872,redis-server-noflush,load,workloadd,16,4484.304932735426
873,redis-server-noflush,run,workloadd,16,5747.126436781609
874,redis-server-noflush,load,workloadd,17,4504.504504504504
875,redis-server-noflush,run,workloadd,17,6329.113924050633
876,redis-server-noflush,load,workloadd,18,4424.778761061947
877,redis-server-noflush,run,workloadd,18,5780.346820809248
878,redis-server-noflush,load,workloadd,19,4504.504504504504
879,redis-server-noflush,run,workloadd,19,6024.096385542169
880,redis-server-noflush,load,workloade,0,4484.304932735426
881,redis-server-noflush,run,workloade,0,529.9417064122946
882,redis-server-noflush,load,workloade,1,4524.886877828054
883,redis-server-noflush,run,workloade,1,551.5719801434087
884,redis-server-noflush,load,workloade,2,4310.3448275862065
885,redis-server-noflush,run,workloade,2,497.2650422675286
886,redis-server-noflush,load,workloade,3,4504.504504504504
887,redis-server-noflush,run,workloade,3,524.1090146750524
888,redis-server-noflush,load,workloade,4,4484.304932735426
889,redis-server-noflush,run,workloade,4,550.357732526142
890,redis-server-noflush,load,workloade,5,4716.981132075472
891,redis-server-noflush,run,workloade,5,526.0389268805892
892,redis-server-noflush,load,workloade,6,4255.31914893617
893,redis-server-noflush,run,workloade,6,516.2622612287042
894,redis-server-noflush,load,workloade,7,4629.62962962963
895,redis-server-noflush,run,workloade,7,511.2474437627812
896,redis-server-noflush,load,workloade,8,4694.835680751174
897,redis-server-noflush,run,workloade,8,525.7623554153523
898,redis-server-noflush,load,workloade,9,4545.454545454545
899,redis-server-noflush,run,workloade,9,525.7623554153523
900,redis-server-noflush,load,workloade,10,4975.124378109453
901,redis-server-noflush,run,workloade,10,605.3268765133172
902,redis-server-noflush,load,workloade,11,4629.62962962963
903,redis-server-noflush,run,workloade,11,520.2913631633714
904,redis-server-noflush,load,workloade,12,4629.62962962963
905,redis-server-noflush,run,workloade,12,523.0125523012553
906,redis-server-noflush,load,workloade,13,4587.155963302752
907,redis-server-noflush,run,workloade,13,514.668039114771
908,redis-server-noflush,load,workloade,14,4566.2100456621
909,redis-server-noflush,run,workloade,14,521.376433785193
910,redis-server-noflush,load,workloade,15,4545.454545454545
911,redis-server-noflush,run,workloade,15,591.016548463357
912,redis-server-noflush,load,workloade,16,4830.917874396136
913,redis-server-noflush,run,workloade,16,499.5004995004995
914,redis-server-noflush,load,workloade,17,4524.886877828054
915,redis-server-noflush,run,workloade,17,510.7252298263534
916,redis-server-noflush,load,workloade,18,4629.62962962963
917,redis-server-noflush,run,workloade,18,538.7931034482758
918,redis-server-noflush,load,workloade,19,4524.886877828054
919,redis-server-noflush,run,workloade,19,530.2226935312831
920,redis-server-noflush,load,workloadf,0,4694.835680751174
921,redis-server-noflush,run,workloadf,0,5405.405405405405
922,redis-server-noflush,load,workloadf,1,4405.286343612334
923,redis-server-noflush,run,workloadf,1,5464.48087431694
924,redis-server-noflush,load,workloadf,2,5102.040816326531
925,redis-server-noflush,run,workloadf,2,5050.50505050505
926,redis-server-noflush,load,workloadf,3,4385.964912280701
927,redis-server-noflush,run,workloadf,3,5617.9775280898875
928,redis-server-noflush,load,workloadf,4,4672.897196261682
929,redis-server-noflush,run,workloadf,4,5434.782608695652
930,redis-server-noflush,load,workloadf,5,4484.304932735426
931,redis-server-noflush,run,workloadf,5,5714.285714285715
932,redis-server-noflush,load,workloadf,6,4545.454545454545
933,redis-server-noflush,run,workloadf,6,5464.48087431694
934,redis-server-noflush,load,workloadf,7,4608.294930875576
935,redis-server-noflush,run,workloadf,7,5780.346820809248
936,redis-server-noflush,load,workloadf,8,4761.9047619047615
937,redis-server-noflush,run,workloadf,8,5714.285714285715
938,redis-server-noflush,load,workloadf,9,4854.368932038835
939,redis-server-noflush,run,workloadf,9,5714.285714285715
940,redis-server-noflush,load,workloadf,10,4651.162790697675
941,redis-server-noflush,run,workloadf,10,5649.717514124294
942,redis-server-noflush,load,workloadf,11,4587.155963302752
943,redis-server-noflush,run,workloadf,11,5494.505494505494
944,redis-server-noflush,load,workloadf,12,4587.155963302752
945,redis-server-noflush,run,workloadf,12,5555.555555555556
946,redis-server-noflush,load,workloadf,13,4464.285714285715
947,redis-server-noflush,run,workloadf,13,5494.505494505494
948,redis-server-noflush,load,workloadf,14,4366.812227074236
949,redis-server-noflush,run,workloadf,14,5494.505494505494
950,redis-server-noflush,load,workloadf,15,4545.454545454545
951,redis-server-noflush,run,workloadf,15,5208.333333333333
952,redis-server-noflush,load,workloadf,16,4504.504504504504
953,redis-server-noflush,run,workloadf,16,5181.347150259067
954,redis-server-noflush,load,workloadf,17,4587.155963302752
955,redis-server-noflush,run,workloadf,17,5524.861878453039
956,redis-server-noflush,load,workloadf,18,4694.835680751174
957,redis-server-noflush,run,workloadf,18,5780.346820809248
958,redis-server-noflush,load,workloadf,19,5181.347150259067
959,redis-server-noflush,run,workloadf,19,5405.405405405405
960,redis-server-heuristic,load,workloada,0,4484.304932735426
961,redis-server-heuristic,run,workloada,0,6097.5609756097565
962,redis-server-heuristic,load,workloada,1,4672.897196261682
963,redis-server-heuristic,run,workloada,1,6410.25641025641
964,redis-server-heuristic,load,workloada,2,4545.454545454545
965,redis-server-heuristic,run,workloada,2,6250.0
966,redis-server-heuristic,load,workloada,3,4672.897196261682
967,redis-server-heuristic,run,workloada,3,6134.9693251533745
968,redis-server-heuristic,load,workloada,4,4524.886877828054
969,redis-server-heuristic,run,workloada,4,6097.5609756097565
970,redis-server-heuristic,load,workloada,5,4405.286343612334
971,redis-server-heuristic,run,workloada,5,5847.953216374269
972,redis-server-heuristic,load,workloada,6,4484.304932735426
973,redis-server-heuristic,run,workloada,6,6493.506493506494
974,redis-server-heuristic,load,workloada,7,4854.368932038835
975,redis-server-heuristic,run,workloada,7,6329.113924050633
976,redis-server-heuristic,load,workloada,8,4566.2100456621
977,redis-server-heuristic,run,workloada,8,5917.15976331361
978,redis-server-heuristic,load,workloada,9,4444.444444444444
979,redis-server-heuristic,run,workloada,9,6211.180124223602
980,redis-server-heuristic,load,workloada,10,4566.2100456621
981,redis-server-heuristic,run,workloada,10,6134.9693251533745
982,redis-server-heuristic,load,workloada,11,4672.897196261682
983,redis-server-heuristic,run,workloada,11,6172.83950617284
984,redis-server-heuristic,load,workloada,12,4587.155963302752
985,redis-server-heuristic,run,workloada,12,6211.180124223602
986,redis-server-heuristic,load,workloada,13,4347.826086956522
987,redis-server-heuristic,run,workloada,13,6369.426751592357
988,redis-server-heuristic,load,workloada,14,4651.162790697675
989,redis-server-heuristic,run,workloada,14,6172.83950617284
990,redis-server-heuristic,load,workloada,15,4651.162790697675
991,redis-server-heuristic,run,workloada,15,6535.9477124183
992,redis-server-heuristic,load,workloada,16,4566.2100456621
993,redis-server-heuristic,run,workloada,16,6289.308176100629
994,redis-server-heuristic,load,workloada,17,4608.294930875576
995,redis-server-heuristic,run,workloada,17,6369.426751592357
996,redis-server-heuristic,load,workloada,18,4566.2100456621
997,redis-server-heuristic,run,workloada,18,6622.516556291391
998,redis-server-heuristic,load,workloada,19,4444.444444444444
999,redis-server-heuristic,run,workloada,19,6410.25641025641
1000,redis-server-heuristic,load,workloadb,0,4444.444444444444
1001,redis-server-heuristic,run,workloadb,0,8196.72131147541
1002,redis-server-heuristic,load,workloadb,1,5235.602094240838
1003,redis-server-heuristic,run,workloadb,1,7936.507936507936
1004,redis-server-heuristic,load,workloadb,2,4484.304932735426
1005,redis-server-heuristic,run,workloadb,2,6535.9477124183
1006,redis-server-heuristic,load,workloadb,3,4566.2100456621
1007,redis-server-heuristic,run,workloadb,3,6451.612903225807
1008,redis-server-heuristic,load,workloadb,4,4629.62962962963
1009,redis-server-heuristic,run,workloadb,4,6802.721088435374
1010,redis-server-heuristic,load,workloadb,5,4329.004329004329
1011,redis-server-heuristic,run,workloadb,5,6410.25641025641
1012,redis-server-heuristic,load,workloadb,6,4672.897196261682
1013,redis-server-heuristic,run,workloadb,6,6250.0
1014,redis-server-heuristic,load,workloadb,7,4672.897196261682
1015,redis-server-heuristic,run,workloadb,7,6711.4093959731545
1016,redis-server-heuristic,load,workloadb,8,4484.304932735426
1017,redis-server-heuristic,run,workloadb,8,6410.25641025641
1018,redis-server-heuristic,load,workloadb,9,4385.964912280701
1019,redis-server-heuristic,run,workloadb,9,6756.756756756757
1020,redis-server-heuristic,load,workloadb,10,4444.444444444444
1021,redis-server-heuristic,run,workloadb,10,6451.612903225807
1022,redis-server-heuristic,load,workloadb,11,4566.2100456621
1023,redis-server-heuristic,run,workloadb,11,6493.506493506494
1024,redis-server-heuristic,load,workloadb,12,4587.155963302752
1025,redis-server-heuristic,run,workloadb,12,6578.9473684210525
1026,redis-server-heuristic,load,workloadb,13,4424.778761061947
1027,redis-server-heuristic,run,workloadb,13,6578.9473684210525
1028,redis-server-heuristic,load,workloadb,14,4405.286343612334
1029,redis-server-heuristic,run,workloadb,14,6802.721088435374
1030,redis-server-heuristic,load,workloadb,15,4504.504504504504
1031,redis-server-heuristic,run,workloadb,15,6756.756756756757
1032,redis-server-heuristic,load,workloadb,16,4347.826086956522
1033,redis-server-heuristic,run,workloadb,16,6756.756756756757
1034,redis-server-heuristic,load,workloadb,17,4545.454545454545
1035,redis-server-heuristic,run,workloadb,17,6802.721088435374
1036,redis-server-heuristic,load,workloadb,18,4629.62962962963
1037,redis-server-heuristic,run,workloadb,18,6666.666666666667
1038,redis-server-heuristic,load,workloadb,19,4587.155963302752
1039,redis-server-heuristic,run,workloadb,19,6493.506493506494
1040,redis-server-heuristic,load,workloadc,0,4464.285714285715
1041,redis-server-heuristic,run,workloadc,0,6993.006993006993
1042,redis-server-heuristic,load,workloadc,1,4424.778761061947
1043,redis-server-heuristic,run,workloadc,1,6896.551724137931
1044,redis-server-heuristic,load,workloadc,2,4504.504504504504
1045,redis-server-heuristic,run,workloadc,2,6451.612903225807
1046,redis-server-heuristic,load,workloadc,3,4716.981132075472
1047,redis-server-heuristic,run,workloadc,3,6172.83950617284
1048,redis-server-heuristic,load,workloadc,4,4464.285714285715
1049,redis-server-heuristic,run,workloadc,4,6622.516556291391
1050,redis-server-heuristic,load,workloadc,5,4329.004329004329
1051,redis-server-heuristic,run,workloadc,5,6993.006993006993
1052,redis-server-heuristic,load,workloadc,6,4629.62962962963
1053,redis-server-heuristic,run,workloadc,6,6711.4093959731545
1054,redis-server-heuristic,load,workloadc,7,4504.504504504504
1055,redis-server-heuristic,run,workloadc,7,6493.506493506494
1056,redis-server-heuristic,load,workloadc,8,4444.444444444444
1057,redis-server-heuristic,run,workloadc,8,5952.380952380952
1058,redis-server-heuristic,load,workloadc,9,4784.688995215311
1059,redis-server-heuristic,run,workloadc,9,6578.9473684210525
1060,redis-server-heuristic,load,workloadc,10,4504.504504504504
1061,redis-server-heuristic,run,workloadc,10,6802.721088435374
1062,redis-server-heuristic,load,workloadc,11,4587.155963302752
1063,redis-server-heuristic,run,workloadc,11,6993.006993006993
1064,redis-server-heuristic,load,workloadc,12,4444.444444444444
1065,redis-server-heuristic,run,workloadc,12,6622.516556291391
1066,redis-server-heuristic,load,workloadc,13,4545.454545454545
1067,redis-server-heuristic,run,workloadc,13,6896.551724137931
1068,redis-server-heuristic,load,workloadc,14,4347.826086956522
1069,redis-server-heuristic,run,workloadc,14,6622.516556291391
1070,redis-server-heuristic,load,workloadc,15,4587.155963302752
1071,redis-server-heuristic,run,workloadc,15,6622.516556291391
1072,redis-server-heuristic,load,workloadc,16,4166.666666666667
1073,redis-server-heuristic,run,workloadc,16,6369.426751592357
1074,redis-server-heuristic,load,workloadc,17,4587.155963302752
1075,redis-server-heuristic,run,workloadc,17,6756.756756756757
1076,redis-server-heuristic,load,workloadc,18,4255.31914893617
1077,redis-server-heuristic,run,workloadc,18,6493.506493506494
1078,redis-server-heuristic,load,workloadc,19,4405.286343612334
1079,redis-server-heuristic,run,workloadc,19,6896.551724137931
1080,redis-server-heuristic,load,workloadd,0,4545.454545454545
1081,redis-server-heuristic,run,workloadd,0,6451.612903225807
1082,redis-server-heuristic,load,workloadd,1,4484.304932735426
1083,redis-server-heuristic,run,workloadd,1,6578.9473684210525
1084,redis-server-heuristic,load,workloadd,2,4424.778761061947
1085,redis-server-heuristic,run,workloadd,2,6097.5609756097565
1086,redis-server-heuristic,load,workloadd,3,4545.454545454545
1087,redis-server-heuristic,run,workloadd,3,5882.35294117647
1088,redis-server-heuristic,load,workloadd,4,4524.886877828054
1089,redis-server-heuristic,run,workloadd,4,6289.308176100629
1090,redis-server-heuristic,load,workloadd,5,4566.2100456621
1091,redis-server-heuristic,run,workloadd,5,5847.953216374269
1092,redis-server-heuristic,load,workloadd,6,4329.004329004329
1093,redis-server-heuristic,run,workloadd,6,6329.113924050633
1094,redis-server-heuristic,load,workloadd,7,4444.444444444444
1095,redis-server-heuristic,run,workloadd,7,6097.5609756097565
1096,redis-server-heuristic,load,workloadd,8,4444.444444444444
1097,redis-server-heuristic,run,workloadd,8,6097.5609756097565
1098,redis-server-heuristic,load,workloadd,9,4424.778761061947
1099,redis-server-heuristic,run,workloadd,9,6134.9693251533745
1100,redis-server-heuristic,load,workloadd,10,4651.162790697675
1101,redis-server-heuristic,run,workloadd,10,5917.15976331361
1102,redis-server-heuristic,load,workloadd,11,4484.304932735426
1103,redis-server-heuristic,run,workloadd,11,6172.83950617284
1104,redis-server-heuristic,load,workloadd,12,4608.294930875576
1105,redis-server-heuristic,run,workloadd,12,6289.308176100629
1106,redis-server-heuristic,load,workloadd,13,4651.162790697675
1107,redis-server-heuristic,run,workloadd,13,6329.113924050633
1108,redis-server-heuristic,load,workloadd,14,4807.692307692308
1109,redis-server-heuristic,run,workloadd,14,6172.83950617284
1110,redis-server-heuristic,load,workloadd,15,4484.304932735426
1111,redis-server-heuristic,run,workloadd,15,5747.126436781609
1112,redis-server-heuristic,load,workloadd,16,4524.886877828054
1113,redis-server-heuristic,run,workloadd,16,5780.346820809248
1114,redis-server-heuristic,load,workloadd,17,4672.897196261682
1115,redis-server-heuristic,run,workloadd,17,5988.023952095808
1116,redis-server-heuristic,load,workloadd,18,4329.004329004329
1117,redis-server-heuristic,run,workloadd,18,6134.9693251533745
1118,redis-server-heuristic,load,workloadd,19,4166.666666666667
1119,redis-server-heuristic,run,workloadd,19,6250.0
1120,redis-server-heuristic,load,workloade,0,4424.778761061947
1121,redis-server-heuristic,run,workloade,0,597.0149253731344
1122,redis-server-heuristic,load,workloade,1,4566.2100456621
1123,redis-server-heuristic,run,workloade,1,574.3825387708214
1124,redis-server-heuristic,load,workloade,2,4366.812227074236
1125,redis-server-heuristic,run,workloade,2,579.0387955993051
1126,redis-server-heuristic,load,workloade,3,4366.812227074236
1127,redis-server-heuristic,run,workloade,3,551.8763796909492
1128,redis-server-heuristic,load,workloade,4,4587.155963302752
1129,redis-server-heuristic,run,workloade,4,547.645125958379
1130,redis-server-heuristic,load,workloade,5,4629.62962962963
1131,redis-server-heuristic,run,workloade,5,517.063081695967
1132,redis-server-heuristic,load,workloade,6,4587.155963302752
1133,redis-server-heuristic,run,workloade,6,558.9714924538848
1134,redis-server-heuristic,load,workloade,7,4587.155963302752
1135,redis-server-heuristic,run,workloade,7,593.1198102016607
1136,redis-server-heuristic,load,workloade,8,4524.886877828054
1137,redis-server-heuristic,run,workloade,8,580.7200929152149
1138,redis-server-heuristic,load,workloade,9,4651.162790697675
1139,redis-server-heuristic,run,workloade,9,554.9389567147614
1140,redis-server-heuristic,load,workloade,10,4629.62962962963
1141,redis-server-heuristic,run,workloade,10,552.4861878453039
1142,redis-server-heuristic,load,workloade,11,4366.812227074236
1143,redis-server-heuristic,run,workloade,11,558.659217877095
1144,redis-server-heuristic,load,workloade,12,4484.304932735426
1145,redis-server-heuristic,run,workloade,12,525.2100840336135
1146,redis-server-heuristic,load,workloade,13,4484.304932735426
1147,redis-server-heuristic,run,workloade,13,526.592943654555
1148,redis-server-heuristic,load,workloade,14,4566.2100456621
1149,redis-server-heuristic,run,workloade,14,510.7252298263534
1150,redis-server-heuristic,load,workloade,15,4672.897196261682
1151,redis-server-heuristic,run,workloade,15,546.7468562055768
1152,redis-server-heuristic,load,workloade,16,4366.812227074236
1153,redis-server-heuristic,run,workloade,16,534.4735435595938
1154,redis-server-heuristic,load,workloade,17,4608.294930875576
1155,redis-server-heuristic,run,workloade,17,525.4860746190226
1156,redis-server-heuristic,load,workloade,18,4651.162790697675
1157,redis-server-heuristic,run,workloade,18,548.5463521667581
1158,redis-server-heuristic,load,workloade,19,4651.162790697675
1159,redis-server-heuristic,run,workloade,19,533.6179295624333
1160,redis-server-heuristic,load,workloadf,0,4484.304932735426
1161,redis-server-heuristic,run,workloadf,0,5291.005291005291
1162,redis-server-heuristic,load,workloadf,1,4761.9047619047615
1163,redis-server-heuristic,run,workloadf,1,5235.602094240838
1164,redis-server-heuristic,load,workloadf,2,4608.294930875576
1165,redis-server-heuristic,run,workloadf,2,5263.1578947368425
1166,redis-server-heuristic,load,workloadf,3,4310.3448275862065
1167,redis-server-heuristic,run,workloadf,3,5586.592178770949
1168,redis-server-heuristic,load,workloadf,4,4587.155963302752
1169,redis-server-heuristic,run,workloadf,4,5405.405405405405
1170,redis-server-heuristic,load,workloadf,5,4347.826086956522
1171,redis-server-heuristic,run,workloadf,5,5263.1578947368425
1172,redis-server-heuristic,load,workloadf,6,4484.304932735426
1173,redis-server-heuristic,run,workloadf,6,5649.717514124294
1174,redis-server-heuristic,load,workloadf,7,4524.886877828054
1175,redis-server-heuristic,run,workloadf,7,5586.592178770949
1176,redis-server-heuristic,load,workloadf,8,4424.778761061947
1177,redis-server-heuristic,run,workloadf,8,5050.50505050505
1178,redis-server-heuristic,load,workloadf,9,4629.62962962963
1179,redis-server-heuristic,run,workloadf,9,5747.126436781609
1180,redis-server-heuristic,load,workloadf,10,4405.286343612334
1181,redis-server-heuristic,run,workloadf,10,5649.717514124294
1182,redis-server-heuristic,load,workloadf,11,4629.62962962963
1183,redis-server-heuristic,run,workloadf,11,5319.148936170212
1184,redis-server-heuristic,load,workloadf,12,4566.2100456621
1185,redis-server-heuristic,run,workloadf,12,5617.9775280898875
1186,redis-server-heuristic,load,workloadf,13,4444.444444444444
1187,redis-server-heuristic,run,workloadf,13,4784.688995215311
1188,redis-server-heuristic,load,workloadf,14,4608.294930875576
1189,redis-server-heuristic,run,workloadf,14,5555.555555555556
1190,redis-server-heuristic,load,workloadf,15,4739.336492890995
1191,redis-server-heuristic,run,workloadf,15,5714.285714285715
1192,redis-server-heuristic,load,workloadf,16,4587.155963302752
1193,redis-server-heuristic,run,workloadf,16,5555.555555555556
1194,redis-server-heuristic,load,workloadf,17,4716.981132075472
1195,redis-server-heuristic,run,workloadf,17,5235.602094240838
1196,redis-server-heuristic,load,workloadf,18,4524.886877828054
1197,redis-server-heuristic,run,workloadf,18,5376.344086021505
1198,redis-server-heuristic,load,workloadf,19,4464.285714285715
1199,redis-server-heuristic,run,workloadf,19,5347.593582887701
